ID,Protocol,Flag,Packet,Sender ID,Receiver ID,Source IP Address,Destination IP Address,Source Port,Destination Port,Packet Size,Attacktype
1,TCP,SYN,HTTP,123456,987654,192.168.0.1,10.0.0.5,12345,80,1024,Phishing
2,UDP,ACK,DNS,987654,123456,10.0.0.2,192.168.0.1,53,12345,512,DoS
3,TCP,SYN,SSH,789012,345678,192.168.1.10,10.0.0.8,22,12345,256,Man-in-the-Middle
4,UDP,ACK,NTP,345678,789012,10.0.0.5,192.168.1.10,123,12345,128,DDoS
5,TCP,RST,FTP,234567,456789,192.168.0.5,10.0.0.10,20,12345,2048,SQL Injection
6,UDP,ACK,SNMP,456789,234567,10.0.0.8,192.168.0.5,161,12345,768,Cross-Site Scripting
7,TCP,FIN,HTTPS,890123,567890,192.168.1.5,10.0.0.2,443,12345,4096,Ransomware
8,UDP,ACK,DHCP,567890,890123,10.0.0.10,192.168.1.5,67,12345,256,Password Attacks
9,TCP,SYN,SMTP,901234,678901,192.168.0.2,10.0.0.15,25,12345,512,Zero-Day Exploits
10,UDP,ACK,SNMP,678901,901234,10.0.0.15,192.168.0.2,161,12345,256,Phishing
11,TCP,SYN,FTP,345678,789012,10.0.0.2,192.168.1.10,21,12345,512,DoS
12,UDP,ACK,DNS,789012,345678,192.168.1.10,10.0.0.2,12345,53,256,Man-in-the-Middle
13,TCP,SYN,SSH,123456,987654,10.0.0.5,192.168.0.1,12345,22,1024,DDoS
14,UDP,ACK,NTP,987654,123456,192.168.0.1,10.0.0.5,12345,123,512,SQL Injection
15,TCP,RST,FTP,345678,789012,10.0.0.2,192.168.1.10,12345,20,2048,Cross-Site Scripting
16,UDP,ACK,SNMP,789012,345678,192.168.1.10,10.0.0.2,161,12345,768,Ransomware
17,TCP,FIN,HTTPS,123456,987654,10.0.0.5,192.168.0.1,443,12345,4096,Password Attacks
18,UDP,ACK,DHCP,987654,123456,192.168.0.1,10.0.0.5,67,12345,256,Zero-Day Exploits
19,TCP,SYN,SMTP,789012,345678,10.0.0.2,192.168.1.10,25,12345,512,Phishing
20,UDP,ACK,SNMP,345678,789012,10.0.0.2,192.168.1.10,161,12345,256,DoS
21,TCP,SYN,FTP,567890,890123,192.168.1.5,10.0.0.10,21,12345,512,Man-in-the-Middle
22,UDP,ACK,DNS,901234,678901,10.0.0.15,192.168.0.2,12345,53,256,DDoS
23,TCP,SYN,SSH,234567,456789,192.168.0.5,10.0.0.10,22,12345,256,SQL Injection
24,UDP,ACK,NTP,456789,234567,10.0.0.8,192.168.0.5,123,12345,128,Cross-Site Scripting
25,TCP,RST,FTP,678901,901234,192.168.1.10,10.0.0.15,20,12345,2048,Ransomware
26,UDP,ACK,SNMP,901234,678901,10.0.0.15,192.168.1.10,161,12345,768,Password Attacks
27,TCP,FIN,HTTPS,567890,890123,192.168.0.2,10.0.0.8,443,12345,4096,Zero-Day Exploits
28,UDP,ACK,DHCP,890123,567890,10.0.0.10,192.168.1.5,67,12345,256,Phishing
29,TCP,SYN,SMTP,234567,456789,192.168.0.5,10.0.0.10,25,12345,512,DoS
30,UDP,ACK,SNMP,456789,234567,10.0.0.8,192.168.0.5,161,12345,256,Man-in-the-Middle
31,TCP,SYN,FTP,789012,345678,10.0.0.2,192.168.1.10,21,12345,512,SQL Injection
32,UDP,ACK,DNS,345678,789012,192.168.1.10,10.0.0.2,12345,53,256,Cross-Site Scripting
33,TCP,SYN,SSH,123456,987654,10.0.0.5,192.168.0.1,12345,22,1024,Ransomware
34,UDP,ACK,NTP,987654,123456,192.168.0.1,10.0.0.5,12345,123,512,Password Attacks
35,TCP,RST,FTP,345678,789012,10.0.0.2,192.168.1.10,12345,20,2048,Zero-Day Exploits
36,UDP,ACK,SNMP,789012,345678,192.168.1.10,10.0.0.2,161,12345,768,Phishing
37,TCP,FIN,HTTPS,123456,987654,10.0.0.5,192.168.0.1,443,12345,4096,DoS
38,UDP,ACK,DHCP,987654,123456,192.168.0.1,10.0.0.5,67,12345,256,Man-in-the-Middle
39,TCP,SYN,SMTP,789012,345678,10.0.0.2,192.168.1.10,25,12345,512,SQL Injection
40,UDP,ACK,SNMP,345678,789012,10.0.0.2,192.168.1.10,161,12345,256,Cross-Site Scripting
41,TCP,SYN,FTP,567890,890123,192.168.1.5,10.0.0.10,21,12345,512,Ransomware
42,UDP,ACK,DNS,901234,678901,10.0.0.15,192.168.0.2,12345,53,256,Password Attacks
43,TCP,SYN,SSH,234567,456789,192.168.0.5,10.0.0.10,22,12345,256,Zero-Day Exploits
44,UDP,ACK,NTP,456789,234567,10.0.0.8,192.168.0.5,123,12345,128,Phishing
45,TCP,RST,FTP,678901,901234,192.168.1.10,10.0.0.15,20,12345,2048,DoS
46,UDP,ACK,SNMP,901234,678901,10.0.0.15,192.168.1.10,161,12345,768,Man-in-the-Middle
47,TCP,FIN,HTTPS,567890,890123,192.168.0.2,10.0.0.8,443,12345,4096,SQL Injection
48,UDP,ACK,DHCP,890123,567890,10.0.0.10,192.168.1.5,67,12345,256,Cross-Site Scripting
49,TCP,SYN,SMTP,234567,456789,192.168.0.5,10.0.0.10,25,12345,512,Ransomware
50,UDP,ACK,SNMP,456789,234567,10.0.0.8,192.168.0.5,161,12345,256,Password Attacks
51,TCP,SYN,FTP,789012,345678,10.0.0.2,192.168.1.10,21,12345,512,Zero-Day Exploits
52,UDP,ACK,DNS,345678,789012,192.168.1.10,10.0.0.2,12345,53,256,Phishing
53,TCP,SYN,SSH,123456,987654,10.0.0.5,192.168.0.1,12345,22,1024,DoS
54,UDP,ACK,NTP,987654,123456,192.168.0.1,10.0.0.5,12345,123,512,Man-in-the-Middle
55,TCP,RST,FTP,345678,789012,10.0.0.2,192.168.1.10,12345,20,2048,SQL Injection
56,UDP,ACK,SNMP,789012,345678,192.168.1.10,10.0.0.2,161,12345,768,Cross-Site Scripting
57,TCP,FIN,HTTPS,123456,987654,10.0.0.5,192.168.0.1,443,12345,4096,Ransomware
58,UDP,ACK,DHCP,987654,123456,192.168.0.1,10.0.0.5,67,12345,256,Password Attacks
59,TCP,SYN,SMTP,789012,345678,10.0.0.2,192.168.1.10,25,12345,512,Zero-Day Exploits
60,UDP,ACK,SNMP,345678,789012,10.0.0.2,192.168.1.10,161,12345,256,Phishing
61,TCP,SYN,FTP,567890,890123,192.168.1.5,10.0.0.10,21,12345,512,DoS
62,UDP,ACK,DNS,901234,678901,10.0.0.15,192.168.0.2,12345,53,256,Man-in-the-Middle
63,TCP,SYN,SSH,234567,456789,192.168.0.5,10.0.0.10,22,12345,256,SQL Injection
64,UDP,ACK,NTP,456789,234567,10.0.0.8,192.168.0.5,123,12345,128,Cross-Site Scripting
65,TCP,RST,FTP,678901,901234,192.168.1.10,10.0.0.15,20,12345,2048,Ransomware
66,UDP,ACK,SNMP,901234,678901,10.0.0.15,192.168.1.10,161,12345,768,Password Attacks
67,TCP,FIN,HTTPS,567890,890123,192.168.0.2,10.0.0.8,443,12345,4096,Zero-Day Exploits
68,UDP,ACK,DHCP,890123,567890,10.0.0.10,192.168.1.5,67,12345,256,Phishing
69,TCP,SYN,SMTP,234567,456789,192.168.0.5,10.0.0.10,25,12345,512,DoS
70,UDP,ACK,SNMP,456789,234567,10.0.0.8,192.168.0.5,161,12345,256,Man-in-the-Middle
71,TCP,SYN,FTP,789012,345678,10.0.0.2,192.168.1.10,21,12345,512,SQL Injection
72,UDP,ACK,DNS,345678,789012,192.168.1.10,10.0.0.2,12345,53,256,Cross-Site Scripting
73,TCP,SYN,SSH,123456,987654,10.0.0.5,192.168.0.1,12345,22,1024,Ransomware
74,UDP,ACK,NTP,987654,123456,192.168.0.1,10.0.0.5,12345,123,512,Password Attacks
75,TCP,RST,FTP,345678,789012,10.0.0.2,192.168.1.10,12345,20,2048,Zero-Day Exploits
76,UDP,ACK,SNMP,789012,345678,192.168.1.10,10.0.0.2,161,12345,768,Phishing
77,TCP,FIN,HTTPS,123456,987654,10.0.0.5,192.168.0.1,443,12345,4096,DoS
78,UDP,ACK,DHCP,987654,123456,192.168.0.1,10.0.0.5,67,12345,256,Man-in-the-Middle
79,TCP,SYN,SMTP,789012,345678,10.0.0.2,192.168.1.10,25,12345,512,SQL Injection
80,UDP,ACK,SNMP,345678,789012,10.0.0.2,192.168.1.10,161,12345,256,Cross-Site Scripting
81,TCP,SYN,FTP,567890,890123,192.168.1.5,10.0.0.10,21,12345,512,Ransomware
82,UDP,ACK,DNS,901234,678901,10.0.0.15,192.168.0.2,12345,53,256,Password Attacks
83,TCP,SYN,SSH,234567,456789,192.168.0.5,10.0.0.10,22,12345,256,Zero-Day Exploits
84,UDP,ACK,NTP,456789,234567,10.0.0.8,192.168.0.5,123,12345,128,Phishing
85,TCP,RST,FTP,678901,901234,192.168.1.10,10.0.0.15,20,12345,2048,DoS
86,UDP,ACK,SNMP,901234,678901,10.0.0.15,192.168.1.10,161,12345,768,Man-in-the-Middle
87,TCP,FIN,HTTPS,567890,890123,192.168.0.2,10.0.0.8,443,12345,4096,SQL Injection
88,UDP,ACK,DHCP,890123,567890,10.0.0.10,192.168.1.5,67,12345,256,Cross-Site Scripting
89,TCP,SYN,SMTP,234567,456789,192.168.0.5,10.0.0.10,25,12345,512,Ransomware
90,UDP,ACK,SNMP,456789,234567,10.0.0.8,192.168.0.5,161,12345,256,Password Attacks
91,TCP,SYN,FTP,789012,345678,10.0.0.2,192.168.1.10,21,12345,512,Zero-Day Exploits
92,UDP,ACK,DNS,345678,789012,192.168.1.10,10.0.0.2,12345,53,256,Phishing
93,TCP,SYN,SSH,123456,987654,10.0.0.5,192.168.0.1,12345,22,1024,DoS
94,UDP,ACK,NTP,987654,123456,192.168.0.1,10.0.0.5,12345,123,512,Man-in-the-Middle
95,TCP,RST,FTP,345678,789012,10.0.0.2,192.168.1.10,12345,20,2048,SQL Injection
96,UDP,ACK,SNMP,789012,345678,192.168.1.10,10.0.0.2,161,12345,768,Cross-Site Scripting
97,TCP,FIN,HTTPS,123456,987654,10.0.0.5,192.168.0.1,443,12345,4096,Ransomware
98,UDP,ACK,DHCP,987654,123456,192.168.0.1,10.0.0.5,67,12345,256,Password Attacks
99,TCP,SYN,SMTP,789012,345678,10.0.0.2,192.168.1.10,25,12345,512,Zero-Day Exploits
100,UDP,ACK,SNMP,345678,789012,10.0.0.2,192.168.1.10,161,12345,256,Phishing
101,TCP,SYN,FTP,567890,890123,192.168.1.5,10.0.0.10,21,12345,512,DoS
102,UDP,ACK,DNS,901234,678901,10.0.0.15,192.168.0.2,12345,53,256,Man-in-the-Middle
103,TCP,SYN,SSH,234567,456789,192.168.0.5,10.0.0.10,22,12345,256,SQL Injection
104,UDP,ACK,NTP,456789,234567,10.0.0.8,192.168.0.5,123,12345,128,Cross-Site Scripting
105,TCP,RST,FTP,678901,901234,192.168.1.10,10.0.0.15,20,12345,2048,Ransomware
106,UDP,ACK,SNMP,901234,678901,10.0.0.15,192.168.1.10,161,12345,768,Password Attacks
107,TCP,FIN,HTTPS,567890,890123,192.168.0.2,10.0.0.8,443,12345,4096,Zero-Day Exploits
108,UDP,ACK,DHCP,890123,567890,10.0.0.10,192.168.1.5,67,12345,256,Phishing
109,TCP,SYN,SMTP,234567,456789,192.168.0.5,10.0.0.10,25,12345,512,DoS
110,UDP,ACK,SNMP,456789,234567,10.0.0.8,192.168.0.5,161,12345,256,Man-in-the-Middle
111,TCP,SYN,FTP,789012,345678,10.0.0.2,192.168.1.10,21,12345,512,SQL Injection
112,UDP,ACK,DNS,345678,789012,192.168.1.10,10.0.0.2,12345,53,256,Cross-Site Scripting
113,TCP,SYN,SSH,123456,987654,10.0.0.5,192.168.0.1,12345,22,1024,Ransomware
114,UDP,ACK,NTP,987654,123456,192.168.0.1,10.0.0.5,12345,123,512,Password Attacks
115,TCP,RST,FTP,345678,789012,10.0.0.2,192.168.1.10,12345,20,2048,Zero-Day Exploits
116,UDP,ACK,SNMP,789012,345678,192.168.1.10,10.0.0.2,161,12345,768,Phishing
117,TCP,FIN,HTTPS,123456,987654,10.0.0.5,192.168.0.1,443,12345,4096,DoS
118,UDP,ACK,DHCP,987654,123456,192.168.0.1,10.0.0.5,67,12345,256,Man-in-the-Middle
119,TCP,SYN,SMTP,789012,345678,10.0.0.2,192.168.1.10,25,12345,512,SQL Injection
120,UDP,ACK,SNMP,345678,789012,10.0.0.2,192.168.1.10,161,12345,256,Cross-Site Scripting
121,TCP,SYN,FTP,567890,890123,192.168.1.5,10.0.0.10,21,12345,512,Ransomware
122,UDP,ACK,DNS,901234,678901,10.0.0.15,192.168.0.2,12345,53,256,Password Attacks
123,TCP,SYN,SSH,234567,456789,192.168.0.5,10.0.0.10,22,12345,256,Zero-Day Exploits
124,UDP,ACK,NTP,456789,234567,10.0.0.8,192.168.0.5,123,12345,128,Phishing
125,TCP,RST,FTP,678901,901234,192.168.1.10,10.0.0.15,20,12345,2048,DoS
126,TCP,SYN,HTTP,123456,987654,192.168.0.1,10.0.0.5,12345,80,1024,Phishing
127,UDP,ACK,DNS,987654,123456,10.0.0.2,192.168.0.1,53,12345,512,DoS
128,TCP,SYN,SSH,789012,345678,192.168.1.10,10.0.0.8,22,12345,256,Man-in-the-Middle
129,UDP,ACK,NTP,345678,789012,10.0.0.5,192.168.1.10,123,12345,128,DDoS
130,TCP,RST,FTP,234567,456789,192.168.0.5,10.0.0.10,20,12345,2048,SQL Injection
131,UDP,ACK,SNMP,456789,234567,10.0.0.8,192.168.0.5,161,12345,768,Cross-Site Scripting
132,TCP,FIN,HTTPS,890123,567890,192.168.1.5,10.0.0.2,443,12345,4096,Ransomware
133,UDP,ACK,DHCP,567890,890123,10.0.0.10,192.168.1.5,67,12345,256,Password Attacks
134,TCP,SYN,SMTP,901234,678901,192.168.0.2,10.0.0.15,25,12345,512,Zero-Day Exploits
135,UDP,ACK,SNMP,678901,901234,10.0.0.15,192.168.0.2,161,12345,256,Phishing
136,TCP,SYN,FTP,345678,789012,10.0.0.2,192.168.1.10,21,12345,512,DoS
137,UDP,ACK,DNS,789012,345678,192.168.1.10,10.0.0.2,12345,53,256,Man-in-the-Middle
138,TCP,SYN,SSH,123456,987654,10.0.0.5,192.168.0.1,12345,22,1024,DDoS
139,UDP,ACK,NTP,987654,123456,192.168.0.1,10.0.0.5,12345,123,512,SQL Injection
140,TCP,RST,FTP,345678,789012,10.0.0.2,192.168.1.10,12345,20,2048,Cross-Site Scripting
141,UDP,ACK,SNMP,789012,345678,192.168.1.10,10.0.0.2,161,12345,768,Ransomware
142,TCP,FIN,HTTPS,123456,987654,10.0.0.5,192.168.0.1,443,12345,4096,Password Attacks
143,UDP,ACK,DHCP,987654,123456,192.168.0.1,10.0.0.5,67,12345,256,Zero-Day Exploits
144,TCP,SYN,SMTP,789012,345678,10.0.0.2,192.168.1.10,25,12345,512,Phishing
145,UDP,ACK,SNMP,345678,789012,10.0.0.2,192.168.1.10,161,12345,256,DoS
146,TCP,SYN,FTP,567890,890123,192.168.1.5,10.0.0.10,21,12345,512,Man-in-the-Middle
147,UDP,ACK,DNS,901234,678901,10.0.0.15,192.168.0.2,12345,53,256,DDoS
148,TCP,SYN,SSH,234567,456789,192.168.0.5,10.0.0.10,22,12345,256,SQL Injection
149,UDP,ACK,NTP,456789,234567,10.0.0.8,192.168.0.5,123,12345,128,Cross-Site Scripting
150,TCP,RST,FTP,678901,901234,192.168.1.10,10.0.0.15,20,12345,2048,Ransomware
151,UDP,ACK,SNMP,901234,678901,10.0.0.15,192.168.1.10,161,12345,768,Password Attacks
152,TCP,FIN,HTTPS,567890,890123,192.168.0.2,10.0.0.8,443,12345,4096,Zero-Day Exploits
153,UDP,ACK,DHCP,890123,567890,10.0.0.10,192.168.1.5,67,12345,256,Phishing
154,TCP,SYN,SMTP,234567,456789,192.168.0.5,10.0.0.10,25,12345,512,DoS
155,UDP,ACK,SNMP,456789,234567,10.0.0.8,192.168.0.5,161,12345,256,Man-in-the-Middle
156,TCP,SYN,FTP,789012,345678,10.0.0.2,192.168.1.10,21,12345,512,SQL Injection
157,UDP,ACK,DNS,345678,789012,192.168.1.10,10.0.0.2,12345,53,256,Cross-Site Scripting
158,TCP,SYN,SSH,123456,987654,10.0.0.5,192.168.0.1,12345,22,1024,Ransomware
159,UDP,ACK,NTP,987654,123456,192.168.0.1,10.0.0.5,12345,123,512,Password Attacks
160,TCP,RST,FTP,345678,789012,10.0.0.2,192.168.1.10,12345,20,2048,Zero-Day Exploits
161,UDP,ACK,SNMP,789012,345678,192.168.1.10,10.0.0.2,161,12345,768,Phishing
162,TCP,FIN,HTTPS,123456,987654,10.0.0.5,192.168.0.1,443,12345,4096,DoS
163,UDP,ACK,DHCP,987654,123456,192.168.0.1,10.0.0.5,67,12345,256,Man-in-the-Middle
164,TCP,SYN,SMTP,789012,345678,10.0.0.2,192.168.1.10,25,12345,512,SQL Injection
165,UDP,ACK,SNMP,345678,789012,10.0.0.2,192.168.1.10,161,12345,256,Cross-Site Scripting
166,TCP,SYN,FTP,567890,890123,192.168.1.5,10.0.0.10,21,12345,512,Ransomware
167,UDP,ACK,DNS,901234,678901,10.0.0.15,192.168.0.2,12345,53,256,Password Attacks
168,TCP,SYN,SSH,234567,456789,192.168.0.5,10.0.0.10,22,12345,256,Zero-Day Exploits
169,UDP,ACK,NTP,456789,234567,10.0.0.8,192.168.0.5,123,12345,128,Phishing
170,TCP,RST,FTP,678901,901234,192.168.1.10,10.0.0.15,20,12345,2048,DoS
171,UDP,ACK,SNMP,901234,678901,10.0.0.15,192.168.1.10,161,12345,768,Man-in-the-Middle
172,TCP,FIN,HTTPS,567890,890123,192.168.0.2,10.0.0.8,443,12345,4096,SQL Injection
173,UDP,ACK,DHCP,890123,567890,10.0.0.10,192.168.1.5,67,12345,256,Cross-Site Scripting
174,TCP,SYN,SMTP,234567,456789,192.168.0.5,10.0.0.10,25,12345,512,Ransomware
175,UDP,ACK,SNMP,456789,234567,10.0.0.8,192.168.0.5,161,12345,256,Password Attacks
176,TCP,SYN,FTP,789012,345678,10.0.0.2,192.168.1.10,21,12345,512,Zero-Day Exploits
177,UDP,ACK,DNS,345678,789012,192.168.1.10,10.0.0.2,12345,53,256,Phishing
178,TCP,SYN,SSH,123456,987654,10.0.0.5,192.168.0.1,12345,22,1024,DoS
179,UDP,ACK,NTP,987654,123456,192.168.0.1,10.0.0.5,12345,123,512,Man-in-the-Middle
180,TCP,RST,FTP,345678,789012,10.0.0.2,192.168.1.10,12345,20,2048,SQL Injection
181,UDP,ACK,SNMP,789012,345678,192.168.1.10,10.0.0.2,161,12345,768,Cross-Site Scripting
182,TCP,FIN,HTTPS,123456,987654,10.0.0.5,192.168.0.1,443,12345,4096,Ransomware
183,UDP,ACK,DHCP,987654,123456,192.168.0.1,10.0.0.5,67,12345,256,Password Attacks
184,TCP,SYN,SMTP,789012,345678,10.0.0.2,192.168.1.10,25,12345,512,Zero-Day Exploits
185,UDP,ACK,SNMP,345678,789012,10.0.0.2,192.168.1.10,161,12345,256,Phishing
186,TCP,SYN,FTP,567890,890123,192.168.1.5,10.0.0.10,21,12345,512,DoS
187,UDP,ACK,DNS,901234,678901,10.0.0.15,192.168.0.2,12345,53,256,Man-in-the-Middle
188,TCP,SYN,SSH,234567,456789,192.168.0.5,10.0.0.10,22,12345,256,SQL Injection
189,UDP,ACK,NTP,456789,234567,10.0.0.8,192.168.0.5,123,12345,128,Cross-Site Scripting
190,TCP,RST,FTP,678901,901234,192.168.1.10,10.0.0.15,20,12345,2048,Ransomware
191,UDP,ACK,SNMP,901234,678901,10.0.0.15,192.168.1.10,161,12345,768,Password Attacks
192,TCP,FIN,HTTPS,567890,890123,192.168.0.2,10.0.0.8,443,12345,4096,Zero-Day Exploits
193,UDP,ACK,DHCP,890123,567890,10.0.0.10,192.168.1.5,67,12345,256,Phishing
194,TCP,SYN,SMTP,234567,456789,192.168.0.5,10.0.0.10,25,12345,512,DoS
195,UDP,ACK,SNMP,456789,234567,10.0.0.8,192.168.0.5,161,12345,256,Man-in-the-Middle
196,TCP,SYN,FTP,789012,345678,10.0.0.2,192.168.1.10,21,12345,512,SQL Injection
197,UDP,ACK,DNS,345678,789012,192.168.1.10,10.0.0.2,12345,53,256,Cross-Site Scripting
198,TCP,SYN,SSH,123456,987654,10.0.0.5,192.168.0.1,12345,22,1024,Ransomware
199,UDP,ACK,NTP,987654,123456,192.168.0.1,10.0.0.5,12345,123,512,Password Attacks
200,TCP,RST,FTP,345678,789012,10.0.0.2,192.168.1.10,12345,20,2048,Zero-Day Exploits
201,UDP,ACK,SNMP,789012,345678,192.168.1.10,10.0.0.2,161,12345,768,Phishing
202,TCP,FIN,HTTPS,123456,987654,10.0.0.5,192.168.0.1,443,12345,4096,DoS
203,UDP,ACK,DHCP,987654,123456,192.168.0.1,10.0.0.5,67,12345,256,Man-in-the-Middle
204,TCP,SYN,SMTP,789012,345678,10.0.0.2,192.168.1.10,25,12345,512,SQL Injection
205,UDP,ACK,SNMP,345678,789012,10.0.0.2,192.168.1.10,161,12345,256,Cross-Site Scripting
206,TCP,SYN,FTP,567890,890123,192.168.1.5,10.0.0.10,21,12345,512,Ransomware
207,UDP,ACK,DNS,901234,678901,10.0.0.15,192.168.0.2,12345,53,256,Password Attacks
208,TCP,SYN,SSH,234567,456789,192.168.0.5,10.0.0.10,22,12345,256,Zero-Day Exploits
209,UDP,ACK,NTP,456789,234567,10.0.0.8,192.168.0.5,123,12345,128,Phishing
210,TCP,RST,FTP,678901,901234,192.168.1.10,10.0.0.15,20,12345,2048,DoS
211,UDP,ACK,SNMP,901234,678901,10.0.0.15,192.168.1.10,161,12345,768,Man-in-the-Middle
212,TCP,FIN,HTTPS,567890,890123,192.168.0.2,10.0.0.8,443,12345,4096,SQL Injection
213,UDP,ACK,DHCP,890123,567890,10.0.0.10,192.168.1.5,67,12345,256,Cross-Site Scripting
214,TCP,SYN,SMTP,234567,456789,192.168.0.5,10.0.0.10,25,12345,512,Ransomware
215,UDP,ACK,SNMP,456789,234567,10.0.0.8,192.168.0.5,161,12345,256,Password Attacks
216,TCP,SYN,FTP,789012,345678,10.0.0.2,192.168.1.10,21,12345,512,Zero-Day Exploits
217,UDP,ACK,DNS,345678,789012,192.168.1.10,10.0.0.2,12345,53,256,Phishing
218,TCP,SYN,SSH,123456,987654,10.0.0.5,192.168.0.1,12345,22,1024,DoS
219,UDP,ACK,NTP,987654,123456,192.168.0.1,10.0.0.5,12345,123,512,Man-in-the-Middle
220,TCP,RST,FTP,345678,789012,10.0.0.2,192.168.1.10,12345,20,2048,SQL Injection
221,UDP,ACK,SNMP,789012,345678,192.168.1.10,10.0.0.2,161,12345,768,Cross-Site Scripting
222,TCP,FIN,HTTPS,123456,987654,10.0.0.5,192.168.0.1,443,12345,4096,Ransomware
223,UDP,ACK,DHCP,987654,123456,192.168.0.1,10.0.0.5,67,12345,256,Password Attacks
224,TCP,SYN,SMTP,789012,345678,10.0.0.2,192.168.1.10,25,12345,512,Zero-Day Exploits
225,UDP,ACK,SNMP,345678,789012,10.0.0.2,192.168.1.10,161,12345,256,Phishing
226,TCP,SYN,FTP,567890,890123,192.168.1.5,10.0.0.10,21,12345,512,DoS
227,UDP,ACK,DNS,901234,678901,10.0.0.15,192.168.0.2,12345,53,256,Man-in-the-Middle
228,TCP,SYN,SSH,234567,456789,192.168.0.5,10.0.0.10,22,12345,256,SQL Injection
229,UDP,ACK,NTP,456789,234567,10.0.0.8,192.168.0.5,123,12345,128,Cross-Site Scripting
230,TCP,RST,FTP,678901,901234,192.168.1.10,10.0.0.15,20,12345,2048,Ransomware
231,UDP,ACK,SNMP,901234,678901,10.0.0.15,192.168.1.10,161,12345,768,Password Attacks
232,TCP,FIN,HTTPS,567890,890123,192.168.0.2,10.0.0.8,443,12345,4096,Zero-Day Exploits
233,UDP,ACK,DHCP,890123,567890,10.0.0.10,192.168.1.5,67,12345,256,Phishing
234,TCP,SYN,SMTP,234567,456789,192.168.0.5,10.0.0.10,25,12345,512,DoS
235,UDP,ACK,SNMP,456789,234567,10.0.0.8,192.168.0.5,161,12345,256,Man-in-the-Middle
236,TCP,SYN,FTP,789012,345678,10.0.0.2,192.168.1.10,21,12345,512,SQL Injection
237,UDP,ACK,DNS,345678,789012,192.168.1.10,10.0.0.2,12345,53,256,Cross-Site Scripting
238,TCP,SYN,SSH,123456,987654,10.0.0.5,192.168.0.1,12345,22,1024,Ransomware
239,UDP,ACK,NTP,987654,123456,192.168.0.1,10.0.0.5,12345,123,512,Password Attacks
240,TCP,RST,FTP,345678,789012,10.0.0.2,192.168.1.10,12345,20,2048,Zero-Day Exploits
241,UDP,ACK,SNMP,789012,345678,192.168.1.10,10.0.0.2,161,12345,768,Phishing
242,TCP,FIN,HTTPS,123456,987654,10.0.0.5,192.168.0.1,443,12345,4096,DoS
243,UDP,ACK,DHCP,987654,123456,192.168.0.1,10.0.0.5,67,12345,256,Man-in-the-Middle
244,TCP,SYN,SMTP,789012,345678,10.0.0.2,192.168.1.10,25,12345,512,SQL Injection
245,UDP,ACK,SNMP,345678,789012,10.0.0.2,192.168.1.10,161,12345,256,Cross-Site Scripting
246,TCP,SYN,FTP,567890,890123,192.168.1.5,10.0.0.10,21,12345,512,Ransomware
247,UDP,ACK,DNS,901234,678901,10.0.0.15,192.168.0.2,12345,53,256,Password Attacks
248,TCP,SYN,SSH,234567,456789,192.168.0.5,10.0.0.10,22,12345,256,Zero-Day Exploits
249,UDP,ACK,NTP,456789,234567,10.0.0.8,192.168.0.5,123,12345,128,Phishing
250,TCP,RST,FTP,678901,901234,192.168.1.10,10.0.0.15,20,12345,2048,DoS
251,TCP,SYN,HTTP,123456,987654,192.168.0.1,10.0.0.5,12345,80,1024,Phishing
252,UDP,ACK,DNS,987654,123456,10.0.0.2,192.168.0.1,53,12345,512,DoS
253,TCP,SYN,SSH,789012,345678,192.168.1.10,10.0.0.8,22,12345,256,Man-in-the-Middle
254,UDP,ACK,NTP,345678,789012,10.0.0.5,192.168.1.10,123,12345,128,DDoS
255,TCP,RST,FTP,234567,456789,192.168.0.5,10.0.0.10,20,12345,2048,SQL Injection
256,UDP,ACK,SNMP,456789,234567,10.0.0.8,192.168.0.5,161,12345,768,Cross-Site Scripting
257,TCP,FIN,HTTPS,890123,567890,192.168.1.5,10.0.0.2,443,12345,4096,Ransomware
258,UDP,ACK,DHCP,567890,890123,10.0.0.10,192.168.1.5,67,12345,256,Password Attacks
259,TCP,SYN,SMTP,901234,678901,192.168.0.2,10.0.0.15,25,12345,512,Zero-Day Exploits
260,UDP,ACK,SNMP,678901,901234,10.0.0.15,192.168.0.2,161,12345,256,Phishing
261,TCP,SYN,FTP,345678,789012,10.0.0.2,192.168.1.10,21,12345,512,DoS
262,UDP,ACK,DNS,789012,345678,192.168.1.10,10.0.0.2,12345,53,256,Man-in-the-Middle
263,TCP,SYN,SSH,123456,987654,10.0.0.5,192.168.0.1,12345,22,1024,DDoS
264,UDP,ACK,NTP,987654,123456,192.168.0.1,10.0.0.5,12345,123,512,SQL Injection
265,TCP,RST,FTP,345678,789012,10.0.0.2,192.168.1.10,12345,20,2048,Cross-Site Scripting
266,UDP,ACK,SNMP,789012,345678,192.168.1.10,10.0.0.2,161,12345,768,Ransomware
267,TCP,FIN,HTTPS,123456,987654,10.0.0.5,192.168.0.1,443,12345,4096,Password Attacks
268,UDP,ACK,DHCP,987654,123456,192.168.0.1,10.0.0.5,67,12345,256,Zero-Day Exploits
269,TCP,SYN,SMTP,789012,345678,10.0.0.2,192.168.1.10,25,12345,512,Phishing
270,UDP,ACK,SNMP,345678,789012,10.0.0.2,192.168.1.10,161,12345,256,DoS
271,TCP,SYN,FTP,567890,890123,192.168.1.5,10.0.0.10,21,12345,512,Man-in-the-Middle
272,UDP,ACK,DNS,901234,678901,10.0.0.15,192.168.0.2,12345,53,256,DDoS
273,TCP,SYN,SSH,234567,456789,192.168.0.5,10.0.0.10,22,12345,256,SQL Injection
274,UDP,ACK,NTP,456789,234567,10.0.0.8,192.168.0.5,123,12345,128,Cross-Site Scripting
275,TCP,RST,FTP,678901,901234,192.168.1.10,10.0.0.15,20,12345,2048,Ransomware
276,UDP,ACK,SNMP,901234,678901,10.0.0.15,192.168.1.10,161,12345,768,Password Attacks
277,TCP,FIN,HTTPS,567890,890123,192.168.0.2,10.0.0.8,443,12345,4096,Zero-Day Exploits
278,UDP,ACK,DHCP,890123,567890,10.0.0.10,192.168.1.5,67,12345,256,Phishing
279,TCP,SYN,SMTP,234567,456789,192.168.0.5,10.0.0.10,25,12345,512,DoS
280,UDP,ACK,SNMP,456789,234567,10.0.0.8,192.168.0.5,161,12345,256,Man-in-the-Middle
281,TCP,SYN,FTP,789012,345678,10.0.0.2,192.168.1.10,21,12345,512,SQL Injection
282,UDP,ACK,DNS,345678,789012,192.168.1.10,10.0.0.2,12345,53,256,Cross-Site Scripting
283,TCP,SYN,SSH,123456,987654,10.0.0.5,192.168.0.1,12345,22,1024,Ransomware
284,UDP,ACK,NTP,987654,123456,192.168.0.1,10.0.0.5,12345,123,512,Password Attacks
285,TCP,RST,FTP,345678,789012,10.0.0.2,192.168.1.10,12345,20,2048,Zero-Day Exploits
286,UDP,ACK,SNMP,789012,345678,192.168.1.10,10.0.0.2,161,12345,768,Phishing
287,TCP,FIN,HTTPS,123456,987654,10.0.0.5,192.168.0.1,443,12345,4096,DoS
288,UDP,ACK,DHCP,987654,123456,192.168.0.1,10.0.0.5,67,12345,256,Man-in-the-Middle
289,TCP,SYN,SMTP,789012,345678,10.0.0.2,192.168.1.10,25,12345,512,SQL Injection
290,UDP,ACK,SNMP,345678,789012,10.0.0.2,192.168.1.10,161,12345,256,Cross-Site Scripting
291,TCP,SYN,FTP,567890,890123,192.168.1.5,10.0.0.10,21,12345,512,Ransomware
292,UDP,ACK,DNS,901234,678901,10.0.0.15,192.168.0.2,12345,53,256,Password Attacks
293,TCP,SYN,SSH,234567,456789,192.168.0.5,10.0.0.10,22,12345,256,Zero-Day Exploits
294,UDP,ACK,NTP,456789,234567,10.0.0.8,192.168.0.5,123,12345,128,Phishing
295,TCP,RST,FTP,678901,901234,192.168.1.10,10.0.0.15,20,12345,2048,DoS
296,UDP,ACK,SNMP,901234,678901,10.0.0.15,192.168.1.10,161,12345,768,Man-in-the-Middle
297,TCP,FIN,HTTPS,567890,890123,192.168.0.2,10.0.0.8,443,12345,4096,SQL Injection
298,UDP,ACK,DHCP,890123,567890,10.0.0.10,192.168.1.5,67,12345,256,Cross-Site Scripting
299,TCP,SYN,SMTP,234567,456789,192.168.0.5,10.0.0.10,25,12345,512,Ransomware
300,UDP,ACK,SNMP,456789,234567,10.0.0.8,192.168.0.5,161,12345,256,Password Attacks
301,TCP,SYN,FTP,789012,345678,10.0.0.2,192.168.1.10,21,12345,512,Zero-Day Exploits
302,UDP,ACK,DNS,345678,789012,192.168.1.10,10.0.0.2,12345,53,256,Phishing
303,TCP,SYN,SSH,123456,987654,10.0.0.5,192.168.0.1,12345,22,1024,DoS
304,UDP,ACK,NTP,987654,123456,192.168.0.1,10.0.0.5,12345,123,512,Man-in-the-Middle
305,TCP,RST,FTP,345678,789012,10.0.0.2,192.168.1.10,12345,20,2048,SQL Injection
306,UDP,ACK,SNMP,789012,345678,192.168.1.10,10.0.0.2,161,12345,768,Cross-Site Scripting
307,TCP,FIN,HTTPS,123456,987654,10.0.0.5,192.168.0.1,443,12345,4096,Ransomware
308,UDP,ACK,DHCP,987654,123456,192.168.0.1,10.0.0.5,67,12345,256,Password Attacks
309,TCP,SYN,SMTP,789012,345678,10.0.0.2,192.168.1.10,25,12345,512,Zero-Day Exploits
310,UDP,ACK,SNMP,345678,789012,10.0.0.2,192.168.1.10,161,12345,256,Phishing
311,TCP,SYN,FTP,567890,890123,192.168.1.5,10.0.0.10,21,12345,512,DoS
312,UDP,ACK,DNS,901234,678901,10.0.0.15,192.168.0.2,12345,53,256,Man-in-the-Middle
313,TCP,SYN,SSH,234567,456789,192.168.0.5,10.0.0.10,22,12345,256,SQL Injection
314,UDP,ACK,NTP,456789,234567,10.0.0.8,192.168.0.5,123,12345,128,Cross-Site Scripting
315,TCP,RST,FTP,678901,901234,192.168.1.10,10.0.0.15,20,12345,2048,Ransomware
316,UDP,ACK,SNMP,901234,678901,10.0.0.15,192.168.1.10,161,12345,768,Password Attacks
317,TCP,FIN,HTTPS,567890,890123,192.168.0.2,10.0.0.8,443,12345,4096,Zero-Day Exploits
318,UDP,ACK,DHCP,890123,567890,10.0.0.10,192.168.1.5,67,12345,256,Phishing
319,TCP,SYN,SMTP,234567,456789,192.168.0.5,10.0.0.10,25,12345,512,DoS
320,UDP,ACK,SNMP,456789,234567,10.0.0.8,192.168.0.5,161,12345,256,Man-in-the-Middle
321,TCP,SYN,FTP,789012,345678,10.0.0.2,192.168.1.10,21,12345,512,SQL Injection
322,UDP,ACK,DNS,345678,789012,192.168.1.10,10.0.0.2,12345,53,256,Cross-Site Scripting
323,TCP,SYN,SSH,123456,987654,10.0.0.5,192.168.0.1,12345,22,1024,Ransomware
324,UDP,ACK,NTP,987654,123456,192.168.0.1,10.0.0.5,12345,123,512,Password Attacks
325,TCP,RST,FTP,345678,789012,10.0.0.2,192.168.1.10,12345,20,2048,Zero-Day Exploits
326,UDP,ACK,SNMP,789012,345678,192.168.1.10,10.0.0.2,161,12345,768,Phishing
327,TCP,FIN,HTTPS,123456,987654,10.0.0.5,192.168.0.1,443,12345,4096,DoS
328,UDP,ACK,DHCP,987654,123456,192.168.0.1,10.0.0.5,67,12345,256,Man-in-the-Middle
329,TCP,SYN,SMTP,789012,345678,10.0.0.2,192.168.1.10,25,12345,512,SQL Injection
330,UDP,ACK,SNMP,345678,789012,10.0.0.2,192.168.1.10,161,12345,256,Cross-Site Scripting
331,TCP,SYN,FTP,567890,890123,192.168.1.5,10.0.0.10,21,12345,512,Ransomware
332,UDP,ACK,DNS,901234,678901,10.0.0.15,192.168.0.2,12345,53,256,Password Attacks
333,TCP,SYN,SSH,234567,456789,192.168.0.5,10.0.0.10,22,12345,256,Zero-Day Exploits
334,UDP,ACK,NTP,456789,234567,10.0.0.8,192.168.0.5,123,12345,128,Phishing
335,TCP,RST,FTP,678901,901234,192.168.1.10,10.0.0.15,20,12345,2048,DoS
336,UDP,ACK,SNMP,901234,678901,10.0.0.15,192.168.1.10,161,12345,768,Man-in-the-Middle
337,TCP,FIN,HTTPS,567890,890123,192.168.0.2,10.0.0.8,443,12345,4096,SQL Injection
338,UDP,ACK,DHCP,890123,567890,10.0.0.10,192.168.1.5,67,12345,256,Cross-Site Scripting
339,TCP,SYN,SMTP,234567,456789,192.168.0.5,10.0.0.10,25,12345,512,Ransomware
340,UDP,ACK,SNMP,456789,234567,10.0.0.8,192.168.0.5,161,12345,256,Password Attacks
341,TCP,SYN,FTP,789012,345678,10.0.0.2,192.168.1.10,21,12345,512,Zero-Day Exploits
342,UDP,ACK,DNS,345678,789012,192.168.1.10,10.0.0.2,12345,53,256,Phishing
343,TCP,SYN,SSH,123456,987654,10.0.0.5,192.168.0.1,12345,22,1024,DoS
344,UDP,ACK,NTP,987654,123456,192.168.0.1,10.0.0.5,12345,123,512,Man-in-the-Middle
345,TCP,RST,FTP,345678,789012,10.0.0.2,192.168.1.10,12345,20,2048,SQL Injection
346,UDP,ACK,SNMP,789012,345678,192.168.1.10,10.0.0.2,161,12345,768,Cross-Site Scripting
347,TCP,FIN,HTTPS,123456,987654,10.0.0.5,192.168.0.1,443,12345,4096,Ransomware
348,UDP,ACK,DHCP,987654,123456,192.168.0.1,10.0.0.5,67,12345,256,Password Attacks
349,TCP,SYN,SMTP,789012,345678,10.0.0.2,192.168.1.10,25,12345,512,Zero-Day Exploits
350,UDP,ACK,SNMP,345678,789012,10.0.0.2,192.168.1.10,161,12345,256,Phishing
351,TCP,SYN,FTP,567890,890123,192.168.1.5,10.0.0.10,21,12345,512,DoS
352,UDP,ACK,DNS,901234,678901,10.0.0.15,192.168.0.2,12345,53,256,Man-in-the-Middle
353,TCP,SYN,SSH,234567,456789,192.168.0.5,10.0.0.10,22,12345,256,SQL Injection
354,UDP,ACK,NTP,456789,234567,10.0.0.8,192.168.0.5,123,12345,128,Cross-Site Scripting
355,TCP,RST,FTP,678901,901234,192.168.1.10,10.0.0.15,20,12345,2048,Ransomware
356,UDP,ACK,SNMP,901234,678901,10.0.0.15,192.168.1.10,161,12345,768,Password Attacks
357,TCP,FIN,HTTPS,567890,890123,192.168.0.2,10.0.0.8,443,12345,4096,Zero-Day Exploits
358,UDP,ACK,DHCP,890123,567890,10.0.0.10,192.168.1.5,67,12345,256,Phishing
359,TCP,SYN,SMTP,234567,456789,192.168.0.5,10.0.0.10,25,12345,512,DoS
360,UDP,ACK,SNMP,456789,234567,10.0.0.8,192.168.0.5,161,12345,256,Man-in-the-Middle
361,TCP,SYN,FTP,789012,345678,10.0.0.2,192.168.1.10,21,12345,512,SQL Injection
362,UDP,ACK,DNS,345678,789012,192.168.1.10,10.0.0.2,12345,53,256,Cross-Site Scripting
363,TCP,SYN,SSH,123456,987654,10.0.0.5,192.168.0.1,12345,22,1024,Ransomware
364,UDP,ACK,NTP,987654,123456,192.168.0.1,10.0.0.5,12345,123,512,Password Attacks
365,TCP,RST,FTP,345678,789012,10.0.0.2,192.168.1.10,12345,20,2048,Zero-Day Exploits
366,UDP,ACK,SNMP,789012,345678,192.168.1.10,10.0.0.2,161,12345,768,Phishing
367,TCP,FIN,HTTPS,123456,987654,10.0.0.5,192.168.0.1,443,12345,4096,DoS
368,UDP,ACK,DHCP,987654,123456,192.168.0.1,10.0.0.5,67,12345,256,Man-in-the-Middle
369,TCP,SYN,SMTP,789012,345678,10.0.0.2,192.168.1.10,25,12345,512,SQL Injection
370,UDP,ACK,SNMP,345678,789012,10.0.0.2,192.168.1.10,161,12345,256,Cross-Site Scripting
371,TCP,SYN,FTP,567890,890123,192.168.1.5,10.0.0.10,21,12345,512,Ransomware
372,UDP,ACK,DNS,901234,678901,10.0.0.15,192.168.0.2,12345,53,256,Password Attacks
373,TCP,SYN,SSH,234567,456789,192.168.0.5,10.0.0.10,22,12345,256,Zero-Day Exploits
374,UDP,ACK,NTP,456789,234567,10.0.0.8,192.168.0.5,123,12345,128,Phishing
375,TCP,RST,FTP,678901,901234,192.168.1.10,10.0.0.15,20,12345,2048,DoS
376,TCP,SYN,HTTP,123456,987654,192.168.0.1,10.0.0.5,12345,80,1024,Phishing
377,UDP,ACK,DNS,987654,123456,10.0.0.2,192.168.0.1,53,12345,512,DoS
378,TCP,SYN,SSH,789012,345678,192.168.1.10,10.0.0.8,22,12345,256,Man-in-the-Middle
379,UDP,ACK,NTP,345678,789012,10.0.0.5,192.168.1.10,123,12345,128,DDoS
380,TCP,RST,FTP,234567,456789,192.168.0.5,10.0.0.10,20,12345,2048,SQL Injection
381,UDP,ACK,SNMP,456789,234567,10.0.0.8,192.168.0.5,161,12345,768,Cross-Site Scripting
382,TCP,FIN,HTTPS,890123,567890,192.168.1.5,10.0.0.2,443,12345,4096,Ransomware
383,UDP,ACK,DHCP,567890,890123,10.0.0.10,192.168.1.5,67,12345,256,Password Attacks
384,TCP,SYN,SMTP,901234,678901,192.168.0.2,10.0.0.15,25,12345,512,Zero-Day Exploits
385,UDP,ACK,SNMP,678901,901234,10.0.0.15,192.168.0.2,161,12345,256,Phishing
386,TCP,SYN,FTP,345678,789012,10.0.0.2,192.168.1.10,21,12345,512,DoS
387,UDP,ACK,DNS,789012,345678,192.168.1.10,10.0.0.2,12345,53,256,Man-in-the-Middle
388,TCP,SYN,SSH,123456,987654,10.0.0.5,192.168.0.1,12345,22,1024,DDoS
389,UDP,ACK,NTP,987654,123456,192.168.0.1,10.0.0.5,12345,123,512,SQL Injection
390,TCP,RST,FTP,345678,789012,10.0.0.2,192.168.1.10,12345,20,2048,Cross-Site Scripting
391,UDP,ACK,SNMP,789012,345678,192.168.1.10,10.0.0.2,161,12345,768,Ransomware
392,TCP,FIN,HTTPS,123456,987654,10.0.0.5,192.168.0.1,443,12345,4096,Password Attacks
393,UDP,ACK,DHCP,987654,123456,192.168.0.1,10.0.0.5,67,12345,256,Zero-Day Exploits
394,TCP,SYN,SMTP,789012,345678,10.0.0.2,192.168.1.10,25,12345,512,Phishing
395,UDP,ACK,SNMP,345678,789012,10.0.0.2,192.168.1.10,161,12345,256,DoS
396,TCP,SYN,FTP,567890,890123,192.168.1.5,10.0.0.10,21,12345,512,Man-in-the-Middle
397,UDP,ACK,DNS,901234,678901,10.0.0.15,192.168.0.2,12345,53,256,DDoS
398,TCP,SYN,SSH,234567,456789,192.168.0.5,10.0.0.10,22,12345,256,SQL Injection
399,UDP,ACK,NTP,456789,234567,10.0.0.8,192.168.0.5,123,12345,128,Cross-Site Scripting
400,TCP,RST,FTP,678901,901234,192.168.1.10,10.0.0.15,20,12345,2048,Ransomware
401,UDP,ACK,SNMP,901234,678901,10.0.0.15,192.168.1.10,161,12345,768,Password Attacks
402,TCP,FIN,HTTPS,567890,890123,192.168.0.2,10.0.0.8,443,12345,4096,Zero-Day Exploits
403,UDP,ACK,DHCP,890123,567890,10.0.0.10,192.168.1.5,67,12345,256,Phishing
404,TCP,SYN,SMTP,234567,456789,192.168.0.5,10.0.0.10,25,12345,512,DoS
405,UDP,ACK,SNMP,456789,234567,10.0.0.8,192.168.0.5,161,12345,256,Man-in-the-Middle
406,TCP,SYN,FTP,789012,345678,10.0.0.2,192.168.1.10,21,12345,512,SQL Injection
407,UDP,ACK,DNS,345678,789012,192.168.1.10,10.0.0.2,12345,53,256,Cross-Site Scripting
408,TCP,SYN,SSH,123456,987654,10.0.0.5,192.168.0.1,12345,22,1024,Ransomware
409,UDP,ACK,NTP,987654,123456,192.168.0.1,10.0.0.5,12345,123,512,Password Attacks
410,TCP,RST,FTP,345678,789012,10.0.0.2,192.168.1.10,12345,20,2048,Zero-Day Exploits
411,UDP,ACK,SNMP,789012,345678,192.168.1.10,10.0.0.2,161,12345,768,Phishing
412,TCP,FIN,HTTPS,123456,987654,10.0.0.5,192.168.0.1,443,12345,4096,DoS
413,UDP,ACK,DHCP,987654,123456,192.168.0.1,10.0.0.5,67,12345,256,Man-in-the-Middle
414,TCP,SYN,SMTP,789012,345678,10.0.0.2,192.168.1.10,25,12345,512,SQL Injection
415,UDP,ACK,SNMP,345678,789012,10.0.0.2,192.168.1.10,161,12345,256,Cross-Site Scripting
416,TCP,SYN,FTP,567890,890123,192.168.1.5,10.0.0.10,21,12345,512,Ransomware
417,UDP,ACK,DNS,901234,678901,10.0.0.15,192.168.0.2,12345,53,256,Password Attacks
418,TCP,SYN,SSH,234567,456789,192.168.0.5,10.0.0.10,22,12345,256,Zero-Day Exploits
419,UDP,ACK,NTP,456789,234567,10.0.0.8,192.168.0.5,123,12345,128,Phishing
420,TCP,RST,FTP,678901,901234,192.168.1.10,10.0.0.15,20,12345,2048,DoS
421,UDP,ACK,SNMP,901234,678901,10.0.0.15,192.168.1.10,161,12345,768,Man-in-the-Middle
422,TCP,FIN,HTTPS,567890,890123,192.168.0.2,10.0.0.8,443,12345,4096,SQL Injection
423,UDP,ACK,DHCP,890123,567890,10.0.0.10,192.168.1.5,67,12345,256,Cross-Site Scripting
424,TCP,SYN,SMTP,234567,456789,192.168.0.5,10.0.0.10,25,12345,512,Ransomware
425,UDP,ACK,SNMP,456789,234567,10.0.0.8,192.168.0.5,161,12345,256,Password Attacks
426,TCP,SYN,FTP,789012,345678,10.0.0.2,192.168.1.10,21,12345,512,Zero-Day Exploits
427,UDP,ACK,DNS,345678,789012,192.168.1.10,10.0.0.2,12345,53,256,Phishing
428,TCP,SYN,SSH,123456,987654,10.0.0.5,192.168.0.1,12345,22,1024,DoS
429,UDP,ACK,NTP,987654,123456,192.168.0.1,10.0.0.5,12345,123,512,Man-in-the-Middle
430,TCP,RST,FTP,345678,789012,10.0.0.2,192.168.1.10,12345,20,2048,SQL Injection
431,UDP,ACK,SNMP,789012,345678,192.168.1.10,10.0.0.2,161,12345,768,Cross-Site Scripting
432,TCP,FIN,HTTPS,123456,987654,10.0.0.5,192.168.0.1,443,12345,4096,Ransomware
433,UDP,ACK,DHCP,987654,123456,192.168.0.1,10.0.0.5,67,12345,256,Password Attacks
434,TCP,SYN,SMTP,789012,345678,10.0.0.2,192.168.1.10,25,12345,512,Zero-Day Exploits
435,UDP,ACK,SNMP,345678,789012,10.0.0.2,192.168.1.10,161,12345,256,Phishing
436,TCP,SYN,FTP,567890,890123,192.168.1.5,10.0.0.10,21,12345,512,DoS
437,UDP,ACK,DNS,901234,678901,10.0.0.15,192.168.0.2,12345,53,256,Man-in-the-Middle
438,TCP,SYN,SSH,234567,456789,192.168.0.5,10.0.0.10,22,12345,256,SQL Injection
439,UDP,ACK,NTP,456789,234567,10.0.0.8,192.168.0.5,123,12345,128,Cross-Site Scripting
440,TCP,RST,FTP,678901,901234,192.168.1.10,10.0.0.15,20,12345,2048,Ransomware
441,UDP,ACK,SNMP,901234,678901,10.0.0.15,192.168.1.10,161,12345,768,Password Attacks
442,TCP,FIN,HTTPS,567890,890123,192.168.0.2,10.0.0.8,443,12345,4096,Zero-Day Exploits
443,UDP,ACK,DHCP,890123,567890,10.0.0.10,192.168.1.5,67,12345,256,Phishing
444,TCP,SYN,SMTP,234567,456789,192.168.0.5,10.0.0.10,25,12345,512,DoS
445,UDP,ACK,SNMP,456789,234567,10.0.0.8,192.168.0.5,161,12345,256,Man-in-the-Middle
446,TCP,SYN,FTP,789012,345678,10.0.0.2,192.168.1.10,21,12345,512,SQL Injection
447,UDP,ACK,DNS,345678,789012,192.168.1.10,10.0.0.2,12345,53,256,Cross-Site Scripting
448,TCP,SYN,SSH,123456,987654,10.0.0.5,192.168.0.1,12345,22,1024,Ransomware
449,UDP,ACK,NTP,987654,123456,192.168.0.1,10.0.0.5,12345,123,512,Password Attacks
450,TCP,RST,FTP,345678,789012,10.0.0.2,192.168.1.10,12345,20,2048,Zero-Day Exploits
451,UDP,ACK,SNMP,789012,345678,192.168.1.10,10.0.0.2,161,12345,768,Phishing
452,TCP,FIN,HTTPS,123456,987654,10.0.0.5,192.168.0.1,443,12345,4096,DoS
453,UDP,ACK,DHCP,987654,123456,192.168.0.1,10.0.0.5,67,12345,256,Man-in-the-Middle
454,TCP,SYN,SMTP,789012,345678,10.0.0.2,192.168.1.10,25,12345,512,SQL Injection
455,UDP,ACK,SNMP,345678,789012,10.0.0.2,192.168.1.10,161,12345,256,Cross-Site Scripting
456,TCP,SYN,FTP,567890,890123,192.168.1.5,10.0.0.10,21,12345,512,Ransomware
457,UDP,ACK,DNS,901234,678901,10.0.0.15,192.168.0.2,12345,53,256,Password Attacks
458,TCP,SYN,SSH,234567,456789,192.168.0.5,10.0.0.10,22,12345,256,Zero-Day Exploits
459,UDP,ACK,NTP,456789,234567,10.0.0.8,192.168.0.5,123,12345,128,Phishing
460,TCP,RST,FTP,678901,901234,192.168.1.10,10.0.0.15,20,12345,2048,DoS
461,UDP,ACK,SNMP,901234,678901,10.0.0.15,192.168.1.10,161,12345,768,Man-in-the-Middle
462,TCP,FIN,HTTPS,567890,890123,192.168.0.2,10.0.0.8,443,12345,4096,SQL Injection
463,UDP,ACK,DHCP,890123,567890,10.0.0.10,192.168.1.5,67,12345,256,Cross-Site Scripting
464,TCP,SYN,SMTP,234567,456789,192.168.0.5,10.0.0.10,25,12345,512,Ransomware
465,UDP,ACK,SNMP,456789,234567,10.0.0.8,192.168.0.5,161,12345,256,Password Attacks
466,TCP,SYN,FTP,789012,345678,10.0.0.2,192.168.1.10,21,12345,512,Zero-Day Exploits
467,UDP,ACK,DNS,345678,789012,192.168.1.10,10.0.0.2,12345,53,256,Phishing
468,TCP,SYN,SSH,123456,987654,10.0.0.5,192.168.0.1,12345,22,1024,DoS
469,UDP,ACK,NTP,987654,123456,192.168.0.1,10.0.0.5,12345,123,512,Man-in-the-Middle
470,TCP,RST,FTP,345678,789012,10.0.0.2,192.168.1.10,12345,20,2048,SQL Injection
471,UDP,ACK,SNMP,789012,345678,192.168.1.10,10.0.0.2,161,12345,768,Cross-Site Scripting
472,TCP,FIN,HTTPS,123456,987654,10.0.0.5,192.168.0.1,443,12345,4096,Ransomware
473,UDP,ACK,DHCP,987654,123456,192.168.0.1,10.0.0.5,67,12345,256,Password Attacks
474,TCP,SYN,SMTP,789012,345678,10.0.0.2,192.168.1.10,25,12345,512,Zero-Day Exploits
475,UDP,ACK,SNMP,345678,789012,10.0.0.2,192.168.1.10,161,12345,256,Phishing
476,TCP,SYN,FTP,567890,890123,192.168.1.5,10.0.0.10,21,12345,512,DoS
477,UDP,ACK,DNS,901234,678901,10.0.0.15,192.168.0.2,12345,53,256,Man-in-the-Middle
478,TCP,SYN,SSH,234567,456789,192.168.0.5,10.0.0.10,22,12345,256,SQL Injection
479,UDP,ACK,NTP,456789,234567,10.0.0.8,192.168.0.5,123,12345,128,Cross-Site Scripting
480,TCP,RST,FTP,678901,901234,192.168.1.10,10.0.0.15,20,12345,2048,Ransomware
481,UDP,ACK,SNMP,901234,678901,10.0.0.15,192.168.1.10,161,12345,768,Password Attacks
482,TCP,FIN,HTTPS,567890,890123,192.168.0.2,10.0.0.8,443,12345,4096,Zero-Day Exploits
483,UDP,ACK,DHCP,890123,567890,10.0.0.10,192.168.1.5,67,12345,256,Phishing
484,TCP,SYN,SMTP,234567,456789,192.168.0.5,10.0.0.10,25,12345,512,DoS
485,UDP,ACK,SNMP,456789,234567,10.0.0.8,192.168.0.5,161,12345,256,Man-in-the-Middle
486,TCP,SYN,FTP,789012,345678,10.0.0.2,192.168.1.10,21,12345,512,SQL Injection
487,UDP,ACK,DNS,345678,789012,192.168.1.10,10.0.0.2,12345,53,256,Cross-Site Scripting
488,TCP,SYN,SSH,123456,987654,10.0.0.5,192.168.0.1,12345,22,1024,Ransomware
489,UDP,ACK,NTP,987654,123456,192.168.0.1,10.0.0.5,12345,123,512,Password Attacks
490,TCP,RST,FTP,345678,789012,10.0.0.2,192.168.1.10,12345,20,2048,Zero-Day Exploits
491,UDP,ACK,SNMP,789012,345678,192.168.1.10,10.0.0.2,161,12345,768,Phishing
492,TCP,FIN,HTTPS,123456,987654,10.0.0.5,192.168.0.1,443,12345,4096,DoS
493,UDP,ACK,DHCP,987654,123456,192.168.0.1,10.0.0.5,67,12345,256,Man-in-the-Middle
494,TCP,SYN,SMTP,789012,345678,10.0.0.2,192.168.1.10,25,12345,512,SQL Injection
495,UDP,ACK,SNMP,345678,789012,10.0.0.2,192.168.1.10,161,12345,256,Cross-Site Scripting
496,TCP,SYN,FTP,567890,890123,192.168.1.5,10.0.0.10,21,12345,512,Ransomware
497,UDP,ACK,DNS,901234,678901,10.0.0.15,192.168.0.2,12345,53,256,Password Attacks
498,TCP,SYN,SSH,234567,456789,192.168.0.5,10.0.0.10,22,12345,256,Zero-Day Exploits
499,UDP,ACK,NTP,456789,234567,10.0.0.8,192.168.0.5,123,12345,128,Phishing
500,TCP,RST,FTP,678901,901234,192.168.1.10,10.0.0.15,20,12345,2048,DoS
501,TCP,SYN,HTTP,123456,987654,192.168.0.1,10.0.0.5,12345,80,1024,Phishing
502,UDP,ACK,DNS,987654,123456,10.0.0.2,192.168.0.1,53,12345,512,DoS
503,TCP,SYN,SSH,789012,345678,192.168.1.10,10.0.0.8,22,12345,256,Man-in-the-Middle
504,UDP,ACK,NTP,345678,789012,10.0.0.5,192.168.1.10,123,12345,128,DDoS
505,TCP,RST,FTP,234567,456789,192.168.0.5,10.0.0.10,20,12345,2048,SQL Injection
506,UDP,ACK,SNMP,456789,234567,10.0.0.8,192.168.0.5,161,12345,768,Cross-Site Scripting
507,TCP,FIN,HTTPS,890123,567890,192.168.1.5,10.0.0.2,443,12345,4096,Ransomware
508,UDP,ACK,DHCP,567890,890123,10.0.0.10,192.168.1.5,67,12345,256,Password Attacks
509,TCP,SYN,SMTP,901234,678901,192.168.0.2,10.0.0.15,25,12345,512,Zero-Day Exploits
510,UDP,ACK,SNMP,678901,901234,10.0.0.15,192.168.0.2,161,12345,256,Phishing
511,TCP,SYN,FTP,345678,789012,10.0.0.2,192.168.1.10,21,12345,512,DoS
512,UDP,ACK,DNS,789012,345678,192.168.1.10,10.0.0.2,12345,53,256,Man-in-the-Middle
513,TCP,SYN,SSH,123456,987654,10.0.0.5,192.168.0.1,12345,22,1024,DDoS
514,UDP,ACK,NTP,987654,123456,192.168.0.1,10.0.0.5,12345,123,512,SQL Injection
515,TCP,RST,FTP,345678,789012,10.0.0.2,192.168.1.10,12345,20,2048,Cross-Site Scripting
516,UDP,ACK,SNMP,789012,345678,192.168.1.10,10.0.0.2,161,12345,768,Ransomware
517,TCP,FIN,HTTPS,123456,987654,10.0.0.5,192.168.0.1,443,12345,4096,Password Attacks
518,UDP,ACK,DHCP,987654,123456,192.168.0.1,10.0.0.5,67,12345,256,Zero-Day Exploits
519,TCP,SYN,SMTP,789012,345678,10.0.0.2,192.168.1.10,25,12345,512,Phishing
520,UDP,ACK,SNMP,345678,789012,10.0.0.2,192.168.1.10,161,12345,256,DoS
521,TCP,SYN,FTP,567890,890123,192.168.1.5,10.0.0.10,21,12345,512,Man-in-the-Middle
522,UDP,ACK,DNS,901234,678901,10.0.0.15,192.168.0.2,12345,53,256,DDoS
523,TCP,SYN,SSH,234567,456789,192.168.0.5,10.0.0.10,22,12345,256,SQL Injection
524,UDP,ACK,NTP,456789,234567,10.0.0.8,192.168.0.5,123,12345,128,Cross-Site Scripting
525,TCP,RST,FTP,678901,901234,192.168.1.10,10.0.0.15,20,12345,2048,Ransomware
526,UDP,ACK,SNMP,901234,678901,10.0.0.15,192.168.1.10,161,12345,768,Password Attacks
527,TCP,FIN,HTTPS,567890,890123,192.168.0.2,10.0.0.8,443,12345,4096,Zero-Day Exploits
528,UDP,ACK,DHCP,890123,567890,10.0.0.10,192.168.1.5,67,12345,256,Phishing
529,TCP,SYN,SMTP,234567,456789,192.168.0.5,10.0.0.10,25,12345,512,DoS
530,UDP,ACK,SNMP,456789,234567,10.0.0.8,192.168.0.5,161,12345,256,Man-in-the-Middle
531,TCP,SYN,FTP,789012,345678,10.0.0.2,192.168.1.10,21,12345,512,SQL Injection
532,UDP,ACK,DNS,345678,789012,192.168.1.10,10.0.0.2,12345,53,256,Cross-Site Scripting
533,TCP,SYN,SSH,123456,987654,10.0.0.5,192.168.0.1,12345,22,1024,Ransomware
534,UDP,ACK,NTP,987654,123456,192.168.0.1,10.0.0.5,12345,123,512,Password Attacks
535,TCP,RST,FTP,345678,789012,10.0.0.2,192.168.1.10,12345,20,2048,Zero-Day Exploits
536,UDP,ACK,SNMP,789012,345678,192.168.1.10,10.0.0.2,161,12345,768,Phishing
537,TCP,FIN,HTTPS,123456,987654,10.0.0.5,192.168.0.1,443,12345,4096,DoS
538,UDP,ACK,DHCP,987654,123456,192.168.0.1,10.0.0.5,67,12345,256,Man-in-the-Middle
539,TCP,SYN,SMTP,789012,345678,10.0.0.2,192.168.1.10,25,12345,512,SQL Injection
540,UDP,ACK,SNMP,345678,789012,10.0.0.2,192.168.1.10,161,12345,256,Cross-Site Scripting
541,TCP,SYN,FTP,567890,890123,192.168.1.5,10.0.0.10,21,12345,512,Ransomware
542,UDP,ACK,DNS,901234,678901,10.0.0.15,192.168.0.2,12345,53,256,Password Attacks
543,TCP,SYN,SSH,234567,456789,192.168.0.5,10.0.0.10,22,12345,256,Zero-Day Exploits
544,UDP,ACK,NTP,456789,234567,10.0.0.8,192.168.0.5,123,12345,128,Phishing
545,TCP,RST,FTP,678901,901234,192.168.1.10,10.0.0.15,20,12345,2048,DoS
546,UDP,ACK,SNMP,901234,678901,10.0.0.15,192.168.1.10,161,12345,768,Man-in-the-Middle
547,TCP,FIN,HTTPS,567890,890123,192.168.0.2,10.0.0.8,443,12345,4096,SQL Injection
548,UDP,ACK,DHCP,890123,567890,10.0.0.10,192.168.1.5,67,12345,256,Cross-Site Scripting
549,TCP,SYN,SMTP,234567,456789,192.168.0.5,10.0.0.10,25,12345,512,Ransomware
550,UDP,ACK,SNMP,456789,234567,10.0.0.8,192.168.0.5,161,12345,256,Password Attacks
551,TCP,SYN,FTP,789012,345678,10.0.0.2,192.168.1.10,21,12345,512,Zero-Day Exploits
552,UDP,ACK,DNS,345678,789012,192.168.1.10,10.0.0.2,12345,53,256,Phishing
553,TCP,SYN,SSH,123456,987654,10.0.0.5,192.168.0.1,12345,22,1024,DoS
554,UDP,ACK,NTP,987654,123456,192.168.0.1,10.0.0.5,12345,123,512,Man-in-the-Middle
555,TCP,RST,FTP,345678,789012,10.0.0.2,192.168.1.10,12345,20,2048,SQL Injection
556,UDP,ACK,SNMP,789012,345678,192.168.1.10,10.0.0.2,161,12345,768,Cross-Site Scripting
557,TCP,FIN,HTTPS,123456,987654,10.0.0.5,192.168.0.1,443,12345,4096,Ransomware
558,UDP,ACK,DHCP,987654,123456,192.168.0.1,10.0.0.5,67,12345,256,Password Attacks
559,TCP,SYN,SMTP,789012,345678,10.0.0.2,192.168.1.10,25,12345,512,Zero-Day Exploits
560,UDP,ACK,SNMP,345678,789012,10.0.0.2,192.168.1.10,161,12345,256,Phishing
561,TCP,SYN,FTP,567890,890123,192.168.1.5,10.0.0.10,21,12345,512,DoS
562,UDP,ACK,DNS,901234,678901,10.0.0.15,192.168.0.2,12345,53,256,Man-in-the-Middle
563,TCP,SYN,SSH,234567,456789,192.168.0.5,10.0.0.10,22,12345,256,SQL Injection
564,UDP,ACK,NTP,456789,234567,10.0.0.8,192.168.0.5,123,12345,128,Cross-Site Scripting
565,TCP,RST,FTP,678901,901234,192.168.1.10,10.0.0.15,20,12345,2048,Ransomware
566,UDP,ACK,SNMP,901234,678901,10.0.0.15,192.168.1.10,161,12345,768,Password Attacks
567,TCP,FIN,HTTPS,567890,890123,192.168.0.2,10.0.0.8,443,12345,4096,Zero-Day Exploits
568,UDP,ACK,DHCP,890123,567890,10.0.0.10,192.168.1.5,67,12345,256,Phishing
569,TCP,SYN,SMTP,234567,456789,192.168.0.5,10.0.0.10,25,12345,512,DoS
570,UDP,ACK,SNMP,456789,234567,10.0.0.8,192.168.0.5,161,12345,256,Man-in-the-Middle
571,TCP,SYN,FTP,789012,345678,10.0.0.2,192.168.1.10,21,12345,512,SQL Injection
572,UDP,ACK,DNS,345678,789012,192.168.1.10,10.0.0.2,12345,53,256,Cross-Site Scripting
573,TCP,SYN,SSH,123456,987654,10.0.0.5,192.168.0.1,12345,22,1024,Ransomware
574,UDP,ACK,NTP,987654,123456,192.168.0.1,10.0.0.5,12345,123,512,Password Attacks
575,TCP,RST,FTP,345678,789012,10.0.0.2,192.168.1.10,12345,20,2048,Zero-Day Exploits
576,UDP,ACK,SNMP,789012,345678,192.168.1.10,10.0.0.2,161,12345,768,Phishing
577,TCP,FIN,HTTPS,123456,987654,10.0.0.5,192.168.0.1,443,12345,4096,DoS
578,UDP,ACK,DHCP,987654,123456,192.168.0.1,10.0.0.5,67,12345,256,Man-in-the-Middle
579,TCP,SYN,SMTP,789012,345678,10.0.0.2,192.168.1.10,25,12345,512,SQL Injection
580,UDP,ACK,SNMP,345678,789012,10.0.0.2,192.168.1.10,161,12345,256,Cross-Site Scripting
581,TCP,SYN,FTP,567890,890123,192.168.1.5,10.0.0.10,21,12345,512,Ransomware
582,UDP,ACK,DNS,901234,678901,10.0.0.15,192.168.0.2,12345,53,256,Password Attacks
583,TCP,SYN,SSH,234567,456789,192.168.0.5,10.0.0.10,22,12345,256,Zero-Day Exploits
584,UDP,ACK,NTP,456789,234567,10.0.0.8,192.168.0.5,123,12345,128,Phishing
585,TCP,RST,FTP,678901,901234,192.168.1.10,10.0.0.15,20,12345,2048,DoS
586,UDP,ACK,SNMP,901234,678901,10.0.0.15,192.168.1.10,161,12345,768,Man-in-the-Middle
587,TCP,FIN,HTTPS,567890,890123,192.168.0.2,10.0.0.8,443,12345,4096,SQL Injection
588,UDP,ACK,DHCP,890123,567890,10.0.0.10,192.168.1.5,67,12345,256,Cross-Site Scripting
589,TCP,SYN,SMTP,234567,456789,192.168.0.5,10.0.0.10,25,12345,512,Ransomware
590,UDP,ACK,SNMP,456789,234567,10.0.0.8,192.168.0.5,161,12345,256,Password Attacks
591,TCP,SYN,FTP,789012,345678,10.0.0.2,192.168.1.10,21,12345,512,Zero-Day Exploits
592,UDP,ACK,DNS,345678,789012,192.168.1.10,10.0.0.2,12345,53,256,Phishing
593,TCP,SYN,SSH,123456,987654,10.0.0.5,192.168.0.1,12345,22,1024,DoS
594,UDP,ACK,NTP,987654,123456,192.168.0.1,10.0.0.5,12345,123,512,Man-in-the-Middle
595,TCP,RST,FTP,345678,789012,10.0.0.2,192.168.1.10,12345,20,2048,SQL Injection
596,UDP,ACK,SNMP,789012,345678,192.168.1.10,10.0.0.2,161,12345,768,Cross-Site Scripting
597,TCP,FIN,HTTPS,123456,987654,10.0.0.5,192.168.0.1,443,12345,4096,Ransomware
598,UDP,ACK,DHCP,987654,123456,192.168.0.1,10.0.0.5,67,12345,256,Password Attacks
599,TCP,SYN,SMTP,789012,345678,10.0.0.2,192.168.1.10,25,12345,512,Zero-Day Exploits
600,UDP,ACK,SNMP,345678,789012,10.0.0.2,192.168.1.10,161,12345,256,Phishing
601,TCP,SYN,FTP,567890,890123,192.168.1.5,10.0.0.10,21,12345,512,DoS
602,UDP,ACK,DNS,901234,678901,10.0.0.15,192.168.0.2,12345,53,256,Man-in-the-Middle
603,TCP,SYN,SSH,234567,456789,192.168.0.5,10.0.0.10,22,12345,256,SQL Injection
604,UDP,ACK,NTP,456789,234567,10.0.0.8,192.168.0.5,123,12345,128,Cross-Site Scripting
605,TCP,RST,FTP,678901,901234,192.168.1.10,10.0.0.15,20,12345,2048,Ransomware
606,UDP,ACK,SNMP,901234,678901,10.0.0.15,192.168.1.10,161,12345,768,Password Attacks
607,TCP,FIN,HTTPS,567890,890123,192.168.0.2,10.0.0.8,443,12345,4096,Zero-Day Exploits
608,UDP,ACK,DHCP,890123,567890,10.0.0.10,192.168.1.5,67,12345,256,Phishing
609,TCP,SYN,SMTP,234567,456789,192.168.0.5,10.0.0.10,25,12345,512,DoS
610,UDP,ACK,SNMP,456789,234567,10.0.0.8,192.168.0.5,161,12345,256,Man-in-the-Middle
611,TCP,SYN,FTP,789012,345678,10.0.0.2,192.168.1.10,21,12345,512,SQL Injection
612,UDP,ACK,DNS,345678,789012,192.168.1.10,10.0.0.2,12345,53,256,Cross-Site Scripting
613,TCP,SYN,SSH,123456,987654,10.0.0.5,192.168.0.1,12345,22,1024,Ransomware
614,UDP,ACK,NTP,987654,123456,192.168.0.1,10.0.0.5,12345,123,512,Password Attacks
615,TCP,RST,FTP,345678,789012,10.0.0.2,192.168.1.10,12345,20,2048,Zero-Day Exploits
616,UDP,ACK,SNMP,789012,345678,192.168.1.10,10.0.0.2,161,12345,768,Phishing
617,TCP,FIN,HTTPS,123456,987654,10.0.0.5,192.168.0.1,443,12345,4096,DoS
618,UDP,ACK,DHCP,987654,123456,192.168.0.1,10.0.0.5,67,12345,256,Man-in-the-Middle
619,TCP,SYN,SMTP,789012,345678,10.0.0.2,192.168.1.10,25,12345,512,SQL Injection
620,UDP,ACK,SNMP,345678,789012,10.0.0.2,192.168.1.10,161,12345,256,Cross-Site Scripting
621,TCP,SYN,FTP,567890,890123,192.168.1.5,10.0.0.10,21,12345,512,Ransomware
622,UDP,ACK,DNS,901234,678901,10.0.0.15,192.168.0.2,12345,53,256,Password Attacks
623,TCP,SYN,SSH,234567,456789,192.168.0.5,10.0.0.10,22,12345,256,Zero-Day Exploits
624,UDP,ACK,NTP,456789,234567,10.0.0.8,192.168.0.5,123,12345,128,Phishing
625,TCP,RST,FTP,678901,901234,192.168.1.10,10.0.0.15,20,12345,2048,DoS
626,TCP,SYN,HTTP,123456,987654,192.168.0.1,10.0.0.5,12345,80,1024,Phishing
627,UDP,ACK,DNS,987654,123456,10.0.0.2,192.168.0.1,53,12345,512,DoS
628,TCP,SYN,SSH,789012,345678,192.168.1.10,10.0.0.8,22,12345,256,Man-in-the-Middle
629,UDP,ACK,NTP,345678,789012,10.0.0.5,192.168.1.10,123,12345,128,DDoS
630,TCP,RST,FTP,234567,456789,192.168.0.5,10.0.0.10,20,12345,2048,SQL Injection
631,UDP,ACK,SNMP,456789,234567,10.0.0.8,192.168.0.5,161,12345,768,Cross-Site Scripting
632,TCP,FIN,HTTPS,890123,567890,192.168.1.5,10.0.0.2,443,12345,4096,Ransomware
633,UDP,ACK,DHCP,567890,890123,10.0.0.10,192.168.1.5,67,12345,256,Password Attacks
634,TCP,SYN,SMTP,901234,678901,192.168.0.2,10.0.0.15,25,12345,512,Zero-Day Exploits
635,UDP,ACK,SNMP,678901,901234,10.0.0.15,192.168.0.2,161,12345,256,Phishing
636,TCP,SYN,FTP,345678,789012,10.0.0.2,192.168.1.10,21,12345,512,DoS
637,UDP,ACK,DNS,789012,345678,192.168.1.10,10.0.0.2,12345,53,256,Man-in-the-Middle
638,TCP,SYN,SSH,123456,987654,10.0.0.5,192.168.0.1,12345,22,1024,DDoS
639,UDP,ACK,NTP,987654,123456,192.168.0.1,10.0.0.5,12345,123,512,SQL Injection
640,TCP,RST,FTP,345678,789012,10.0.0.2,192.168.1.10,12345,20,2048,Cross-Site Scripting
641,UDP,ACK,SNMP,789012,345678,192.168.1.10,10.0.0.2,161,12345,768,Ransomware
642,TCP,FIN,HTTPS,123456,987654,10.0.0.5,192.168.0.1,443,12345,4096,Password Attacks
643,UDP,ACK,DHCP,987654,123456,192.168.0.1,10.0.0.5,67,12345,256,Zero-Day Exploits
644,TCP,SYN,SMTP,789012,345678,10.0.0.2,192.168.1.10,25,12345,512,Phishing
645,UDP,ACK,SNMP,345678,789012,10.0.0.2,192.168.1.10,161,12345,256,DoS
646,TCP,SYN,FTP,567890,890123,192.168.1.5,10.0.0.10,21,12345,512,Man-in-the-Middle
647,UDP,ACK,DNS,901234,678901,10.0.0.15,192.168.0.2,12345,53,256,DDoS
648,TCP,SYN,SSH,234567,456789,192.168.0.5,10.0.0.10,22,12345,256,SQL Injection
649,UDP,ACK,NTP,456789,234567,10.0.0.8,192.168.0.5,123,12345,128,Cross-Site Scripting
650,TCP,RST,FTP,678901,901234,192.168.1.10,10.0.0.15,20,12345,2048,Ransomware
651,UDP,ACK,SNMP,901234,678901,10.0.0.15,192.168.1.10,161,12345,768,Password Attacks
652,TCP,FIN,HTTPS,567890,890123,192.168.0.2,10.0.0.8,443,12345,4096,Zero-Day Exploits
653,UDP,ACK,DHCP,890123,567890,10.0.0.10,192.168.1.5,67,12345,256,Phishing
654,TCP,SYN,SMTP,234567,456789,192.168.0.5,10.0.0.10,25,12345,512,DoS
655,UDP,ACK,SNMP,456789,234567,10.0.0.8,192.168.0.5,161,12345,256,Man-in-the-Middle
656,TCP,SYN,FTP,789012,345678,10.0.0.2,192.168.1.10,21,12345,512,SQL Injection
657,UDP,ACK,DNS,345678,789012,192.168.1.10,10.0.0.2,12345,53,256,Cross-Site Scripting
658,TCP,SYN,SSH,123456,987654,10.0.0.5,192.168.0.1,12345,22,1024,Ransomware
659,UDP,ACK,NTP,987654,123456,192.168.0.1,10.0.0.5,12345,123,512,Password Attacks
660,TCP,RST,FTP,345678,789012,10.0.0.2,192.168.1.10,12345,20,2048,Zero-Day Exploits
661,UDP,ACK,SNMP,789012,345678,192.168.1.10,10.0.0.2,161,12345,768,Phishing
662,TCP,FIN,HTTPS,123456,987654,10.0.0.5,192.168.0.1,443,12345,4096,DoS
663,UDP,ACK,DHCP,987654,123456,192.168.0.1,10.0.0.5,67,12345,256,Man-in-the-Middle
664,TCP,SYN,SMTP,789012,345678,10.0.0.2,192.168.1.10,25,12345,512,SQL Injection
665,UDP,ACK,SNMP,345678,789012,10.0.0.2,192.168.1.10,161,12345,256,Cross-Site Scripting
666,TCP,SYN,FTP,567890,890123,192.168.1.5,10.0.0.10,21,12345,512,Ransomware
667,UDP,ACK,DNS,901234,678901,10.0.0.15,192.168.0.2,12345,53,256,Password Attacks
668,TCP,SYN,SSH,234567,456789,192.168.0.5,10.0.0.10,22,12345,256,Zero-Day Exploits
669,UDP,ACK,NTP,456789,234567,10.0.0.8,192.168.0.5,123,12345,128,Phishing
670,TCP,RST,FTP,678901,901234,192.168.1.10,10.0.0.15,20,12345,2048,DoS
671,UDP,ACK,SNMP,901234,678901,10.0.0.15,192.168.1.10,161,12345,768,Man-in-the-Middle
672,TCP,FIN,HTTPS,567890,890123,192.168.0.2,10.0.0.8,443,12345,4096,SQL Injection
673,UDP,ACK,DHCP,890123,567890,10.0.0.10,192.168.1.5,67,12345,256,Cross-Site Scripting
674,TCP,SYN,SMTP,234567,456789,192.168.0.5,10.0.0.10,25,12345,512,Ransomware
675,UDP,ACK,SNMP,456789,234567,10.0.0.8,192.168.0.5,161,12345,256,Password Attacks
676,TCP,SYN,FTP,789012,345678,10.0.0.2,192.168.1.10,21,12345,512,Zero-Day Exploits
677,UDP,ACK,DNS,345678,789012,192.168.1.10,10.0.0.2,12345,53,256,Phishing
678,TCP,SYN,SSH,123456,987654,10.0.0.5,192.168.0.1,12345,22,1024,DoS
679,UDP,ACK,NTP,987654,123456,192.168.0.1,10.0.0.5,12345,123,512,Man-in-the-Middle
680,TCP,RST,FTP,345678,789012,10.0.0.2,192.168.1.10,12345,20,2048,SQL Injection
681,UDP,ACK,SNMP,789012,345678,192.168.1.10,10.0.0.2,161,12345,768,Cross-Site Scripting
682,TCP,FIN,HTTPS,123456,987654,10.0.0.5,192.168.0.1,443,12345,4096,Ransomware
683,UDP,ACK,DHCP,987654,123456,192.168.0.1,10.0.0.5,67,12345,256,Password Attacks
684,TCP,SYN,SMTP,789012,345678,10.0.0.2,192.168.1.10,25,12345,512,Zero-Day Exploits
685,UDP,ACK,SNMP,345678,789012,10.0.0.2,192.168.1.10,161,12345,256,Phishing
686,TCP,SYN,FTP,567890,890123,192.168.1.5,10.0.0.10,21,12345,512,DoS
687,UDP,ACK,DNS,901234,678901,10.0.0.15,192.168.0.2,12345,53,256,Man-in-the-Middle
688,TCP,SYN,SSH,234567,456789,192.168.0.5,10.0.0.10,22,12345,256,SQL Injection
689,UDP,ACK,NTP,456789,234567,10.0.0.8,192.168.0.5,123,12345,128,Cross-Site Scripting
690,TCP,RST,FTP,678901,901234,192.168.1.10,10.0.0.15,20,12345,2048,Ransomware
691,UDP,ACK,SNMP,901234,678901,10.0.0.15,192.168.1.10,161,12345,768,Password Attacks
692,TCP,FIN,HTTPS,567890,890123,192.168.0.2,10.0.0.8,443,12345,4096,Zero-Day Exploits
693,UDP,ACK,DHCP,890123,567890,10.0.0.10,192.168.1.5,67,12345,256,Phishing
694,TCP,SYN,SMTP,234567,456789,192.168.0.5,10.0.0.10,25,12345,512,DoS
695,UDP,ACK,SNMP,456789,234567,10.0.0.8,192.168.0.5,161,12345,256,Man-in-the-Middle
696,TCP,SYN,FTP,789012,345678,10.0.0.2,192.168.1.10,21,12345,512,SQL Injection
697,UDP,ACK,DNS,345678,789012,192.168.1.10,10.0.0.2,12345,53,256,Cross-Site Scripting
698,TCP,SYN,SSH,123456,987654,10.0.0.5,192.168.0.1,12345,22,1024,Ransomware
699,UDP,ACK,NTP,987654,123456,192.168.0.1,10.0.0.5,12345,123,512,Password Attacks
700,TCP,RST,FTP,345678,789012,10.0.0.2,192.168.1.10,12345,20,2048,Zero-Day Exploits
701,UDP,ACK,SNMP,789012,345678,192.168.1.10,10.0.0.2,161,12345,768,Phishing
702,TCP,FIN,HTTPS,123456,987654,10.0.0.5,192.168.0.1,443,12345,4096,DoS
703,UDP,ACK,DHCP,987654,123456,192.168.0.1,10.0.0.5,67,12345,256,Man-in-the-Middle
704,TCP,SYN,SMTP,789012,345678,10.0.0.2,192.168.1.10,25,12345,512,SQL Injection
705,UDP,ACK,SNMP,345678,789012,10.0.0.2,192.168.1.10,161,12345,256,Cross-Site Scripting
706,TCP,SYN,FTP,567890,890123,192.168.1.5,10.0.0.10,21,12345,512,Ransomware
707,UDP,ACK,DNS,901234,678901,10.0.0.15,192.168.0.2,12345,53,256,Password Attacks
708,TCP,SYN,SSH,234567,456789,192.168.0.5,10.0.0.10,22,12345,256,Zero-Day Exploits
709,UDP,ACK,NTP,456789,234567,10.0.0.8,192.168.0.5,123,12345,128,Phishing
710,TCP,RST,FTP,678901,901234,192.168.1.10,10.0.0.15,20,12345,2048,DoS
711,UDP,ACK,SNMP,901234,678901,10.0.0.15,192.168.1.10,161,12345,768,Man-in-the-Middle
712,TCP,FIN,HTTPS,567890,890123,192.168.0.2,10.0.0.8,443,12345,4096,SQL Injection
713,UDP,ACK,DHCP,890123,567890,10.0.0.10,192.168.1.5,67,12345,256,Cross-Site Scripting
714,TCP,SYN,SMTP,234567,456789,192.168.0.5,10.0.0.10,25,12345,512,Ransomware
715,UDP,ACK,SNMP,456789,234567,10.0.0.8,192.168.0.5,161,12345,256,Password Attacks
716,TCP,SYN,FTP,789012,345678,10.0.0.2,192.168.1.10,21,12345,512,Zero-Day Exploits
717,UDP,ACK,DNS,345678,789012,192.168.1.10,10.0.0.2,12345,53,256,Phishing
718,TCP,SYN,SSH,123456,987654,10.0.0.5,192.168.0.1,12345,22,1024,DoS
719,UDP,ACK,NTP,987654,123456,192.168.0.1,10.0.0.5,12345,123,512,Man-in-the-Middle
720,TCP,RST,FTP,345678,789012,10.0.0.2,192.168.1.10,12345,20,2048,SQL Injection
721,UDP,ACK,SNMP,789012,345678,192.168.1.10,10.0.0.2,161,12345,768,Cross-Site Scripting
722,TCP,FIN,HTTPS,123456,987654,10.0.0.5,192.168.0.1,443,12345,4096,Ransomware
723,UDP,ACK,DHCP,987654,123456,192.168.0.1,10.0.0.5,67,12345,256,Password Attacks
724,TCP,SYN,SMTP,789012,345678,10.0.0.2,192.168.1.10,25,12345,512,Zero-Day Exploits
725,UDP,ACK,SNMP,345678,789012,10.0.0.2,192.168.1.10,161,12345,256,Phishing
726,TCP,SYN,FTP,567890,890123,192.168.1.5,10.0.0.10,21,12345,512,DoS
727,UDP,ACK,DNS,901234,678901,10.0.0.15,192.168.0.2,12345,53,256,Man-in-the-Middle
728,TCP,SYN,SSH,234567,456789,192.168.0.5,10.0.0.10,22,12345,256,SQL Injection
729,UDP,ACK,NTP,456789,234567,10.0.0.8,192.168.0.5,123,12345,128,Cross-Site Scripting
730,TCP,RST,FTP,678901,901234,192.168.1.10,10.0.0.15,20,12345,2048,Ransomware
731,UDP,ACK,SNMP,901234,678901,10.0.0.15,192.168.1.10,161,12345,768,Password Attacks
732,TCP,FIN,HTTPS,567890,890123,192.168.0.2,10.0.0.8,443,12345,4096,Zero-Day Exploits
733,UDP,ACK,DHCP,890123,567890,10.0.0.10,192.168.1.5,67,12345,256,Phishing
734,TCP,SYN,SMTP,234567,456789,192.168.0.5,10.0.0.10,25,12345,512,DoS
735,UDP,ACK,SNMP,456789,234567,10.0.0.8,192.168.0.5,161,12345,256,Man-in-the-Middle
736,TCP,SYN,FTP,789012,345678,10.0.0.2,192.168.1.10,21,12345,512,SQL Injection
737,UDP,ACK,DNS,345678,789012,192.168.1.10,10.0.0.2,12345,53,256,Cross-Site Scripting
738,TCP,SYN,SSH,123456,987654,10.0.0.5,192.168.0.1,12345,22,1024,Ransomware
739,UDP,ACK,NTP,987654,123456,192.168.0.1,10.0.0.5,12345,123,512,Password Attacks
740,TCP,RST,FTP,345678,789012,10.0.0.2,192.168.1.10,12345,20,2048,Zero-Day Exploits
741,UDP,ACK,SNMP,789012,345678,192.168.1.10,10.0.0.2,161,12345,768,Phishing
742,TCP,FIN,HTTPS,123456,987654,10.0.0.5,192.168.0.1,443,12345,4096,DoS
743,UDP,ACK,DHCP,987654,123456,192.168.0.1,10.0.0.5,67,12345,256,Man-in-the-Middle
744,TCP,SYN,SMTP,789012,345678,10.0.0.2,192.168.1.10,25,12345,512,SQL Injection
745,UDP,ACK,SNMP,345678,789012,10.0.0.2,192.168.1.10,161,12345,256,Cross-Site Scripting
746,TCP,SYN,FTP,567890,890123,192.168.1.5,10.0.0.10,21,12345,512,Ransomware
747,UDP,ACK,DNS,901234,678901,10.0.0.15,192.168.0.2,12345,53,256,Password Attacks
748,TCP,SYN,SSH,234567,456789,192.168.0.5,10.0.0.10,22,12345,256,Zero-Day Exploits
749,UDP,ACK,NTP,456789,234567,10.0.0.8,192.168.0.5,123,12345,128,Phishing
750,TCP,RST,FTP,678901,901234,192.168.1.10,10.0.0.15,20,12345,2048,DoS
